word,definition,example
grit,courage and determination despite difficulty,It takes true (= real) grit to stand up to a bully.
determination,"the ability to continue trying to do something, although it is very difficult",You can't help but admire her determination to succeed.
dedication,the willingness to give a lot of time and energy to something because it is important,He has always shown great dedication to the cause.She thanked the staff for their dedication and enthusiasm.
contemporary&nbsp;,"existing or happening now, and therefore seeming modern","Although the play was written hundreds of years ago, it still has a contemporary feel to it.I wanted to update my kitchen and put in something more contemporary."
unprecedented,never having happened or existed in the past,This century has witnessed environmental destruction on an unprecedented scale.
convergence,"the fact that two or more things, ideas, etc. become similar or come together","""a convergence of interests/opinions/ideasThe convergence of pop-cultural trends and technological progress gave us camera phones and the """"selfie""""."""
pervasive,present or noticeable in every part of a thing or place,a pervasive smell of diesel
adolescent,a young person who is developing into an adult,"He looked uncomfortable, like a self-conscious adolescent who's gone to the wrong party."
proliferate,to increase a lot and suddenly in number,Small businesses have proliferated in the last ten years.
construct (n),an idea or theory put together from different elements that may not be proved,His reputation as an eccentric is largely a media construct.
substantial,large in amount,a substantial change/increase
traction,"the fact of an idea, product, etc. becoming popular or being accepted","In our digital age, it takes less time for new words and phrases to gain traction than it did in the past."
consolidate,"to become, or cause something to become, stronger, and more certain",She hoped that marriage would consolidate their relationship.
Tap (v),"to access, activate, or harness something that already exists, often a hidden or underused source of power, motivation, or potential",They tapped the underground pipe to get water for the village.
justification,a good reason or explanation for something,There is no justification for treating people so badly.
Draws upon,"""relies on or makes use of as a foundation or source of support ""","""The theoretical justification for gamification in education often draws upon Self-Determination Theory (SDT).The chef's signature dish draws upon traditional French cooking techniques combined with modern ingredients."""
posit,to suggest something as a basic fact or principle from which a further idea is formed or developed,"If we posit that wage rises cause inflation, it follows that we should try to minimize them."
flourish,to grow or develop successfully,This is the perfect environment for our company to flourish and expand in.
autonomy,the ability to make your own decisions without being controlled by anyone else,Students experience greater autonomy when they can choose which project topic to research rather than being assigned one.
Competence,the need to feel capable and effective; the desire to successfully master tasks and develop skills,A musician develops competence by practicing regularly and gradually mastering more difficult pieces.
Relatedness,the need to feel connected to others and to belong to a community; the desire to have meaningful relationships and feel valued by people around you,New employees feel greater relatedness when their team welcomes them and includes them in social activities.
Overjustification effect,a phenomenon where external rewards or incentives actually decrease intrinsic motivation by shifting a person's focus from enjoying an activity itself to doing it merely for the reward,"A child who loves drawing for fun may lose interest in drawing once parents start paying them for each completed artwork, because the money becomes the main reason to draw rather than the joy of creation itself."
Yielding,"""producing or generating as a result; bringing forth or delivering an outcome """,The new marketing campaign is yielding impressive sales numbers this quarter.
Heterogeneous,composed of different types or elements; diverse or varied in nature rather than uniform,"The study group was heterogeneous, including participants from different age groups, educational backgrounds, and countries."
"Difference between cognitive, motivational, and behavioral","""Cognitive = related to thinking, knowledge, and understanding (e.g., learning facts, problem-solving, comprehension)Motivational = related to desire, drive, and willingness to engage (e.g., interest in learning, persistence, enthusiasm)Behavioral = related to observable actions and conduct (e.g., attendance, participation, effort, task completion) """,
robust,strong and healthy,He looks robust and healthy enough.
Meta-analytic,"""relating to a statistical method that combines results from multiple independent studies to reach overall conclusions about a topic """,A meta-analytic review of vaccine safety combines findings from hundreds of clinical trials worldwid
Heterogeneity,the degree of variation or diversity in results across different studies; how much the findings differ from one another,
Intervention,a deliberate action or treatment designed to improve a situation or produce a specific outcome,A reading intervention for struggling students involves targeted instruction designed to improve their literacy skills.
Sifting out,"Separating and removing what isn’t useful or relevant, leaving only what matters.",
serendipitous,"Happening by chance, unexpectedly, but pleasantly",Fitzpatrick notes that the catch with serendipitous conversations is that valuable insights often happen by chance during informal exchanges.
Forfeited,Given up or lost.,
Warranted,Justified or necessary,"If the customer has a complex problem that can’t be explained quickly, a longer meeting is warranted."
Spare,"To be able to give or free up something, usually time.","She couldn’t spare five minutes at the event, so they agreed to talk later."
